Prenom;Nom;Login;Service;Fonction
Claire;Dubois;c.dubois;Direction;Directrice générale
Marc;Lefèvre;m.lefevre;Direction;Directeur adjoint
Sophie;Laurent;s.laurent;RH;Responsable des ressources humaines
Karim;Benali;k.benali;RH;Chargé de recrutement
Alice;Martin;a.martin;Comptabilite;Comptable
Thomas;Petit;t.petit;Comptabilite;Assistant comptable
Julien;Moreau;j.moreau;Exploitation;Chef d'entrepôt
Emma;Garcia;e.garcia;Exploitation;Planificatrice transport
Lucas;Roux;l.roux;Exploitation;Préparateur de commandes
Nicolas;Fournier;n.fournier;Informatique;Technicien informatique
